{
  "losses": [
    1.167816698551178,
    1.0938159972429276,
    0.9766407236456871,
    0.9031939581036568,
    0.8693365678191185,
    0.8093662559986115,
    0.7886548638343811,
    0.7312981262803078,
    0.6979410201311111,
    0.656216450035572,
    0.637151874601841,
    0.5833078771829605,
    0.5591097883880138,
    0.5265431255102158,
    0.4775655083358288,
    0.4537755101919174,
    0.4797678776085377,
    0.434949554502964,
    0.4097435586154461,
    0.4084882251918316
  ],
  "metrics": {
    "both": {
      "optimistic": {
        "adjusted_arithmetic_mean_rank": 0.3676403843368259,
        "adjusted_arithmetic_mean_rank_index": 0.6383140492645409,
        "adjusted_geometric_mean_rank_index": 0.7256406243390132,
        "adjusted_hits_at_k": 0.23595344881779537,
        "adjusted_inverse_harmonic_mean_rank": 0.06825046422435886,
        "arithmetic_mean_rank": 39.41097308488613,
        "count": 966.0,
        "geometric_mean_rank": 22.49984136980941,
        "harmonic_mean_rank": 10.585857655076586,
        "hits_at_1": 0.014492753623188406,
        "hits_at_10": 0.2722567287784679,
        "hits_at_3": 0.07971014492753623,
        "hits_at_5": 0.13457556935817805,
        "inverse_arithmetic_mean_rank": 0.0253736439809829,
        "inverse_geometric_mean_rank": 0.04444475779023996,
        "inverse_harmonic_mean_rank": 0.09446565716103664,
        "inverse_median_rank": 0.038461538461538464,
        "median_absolute_deviation": 28.169442151606436,
        "median_rank": 26.0,
        "standard_deviation": 38.373044203103746,
        "variance": 1472.4905214133541,
        "z_arithmetic_mean_rank": 33.99312245440117,
        "z_geometric_mean_rank": 23.360531904639235,
        "z_hits_at_k": 32.84736754125416,
        "z_inverse_harmonic_mean_rank": 24.65292671566285
      },
      "pessimistic": {
        "adjusted_arithmetic_mean_rank": 0.3676403843368259,
        "adjusted_arithmetic_mean_rank_index": 0.6383140492645409,
        "adjusted_geometric_mean_rank_index": 0.7256406243390132,
        "adjusted_hits_at_k": 0.23595344881779537,
        "adjusted_inverse_harmonic_mean_rank": 0.06825046422435886,
        "arithmetic_mean_rank": 39.41097308488613,
        "count": 966.0,
        "geometric_mean_rank": 22.49984136980941,
        "harmonic_mean_rank": 10.585857655076586,
        "hits_at_1": 0.014492753623188406,
        "hits_at_10": 0.2722567287784679,
        "hits_at_3": 0.07971014492753623,
        "hits_at_5": 0.13457556935817805,
        "inverse_arithmetic_mean_rank": 0.0253736439809829,
        "inverse_geometric_mean_rank": 0.04444475779023996,
        "inverse_harmonic_mean_rank": 0.09446565716103664,
        "inverse_median_rank": 0.038461538461538464,
        "median_absolute_deviation": 28.169442151606436,
        "median_rank": 26.0,
        "standard_deviation": 38.373044203103746,
        "variance": 1472.4905214133541,
        "z_arithmetic_mean_rank": 33.99312245440117,
        "z_geometric_mean_rank": 23.360531904639235,
        "z_hits_at_k": 32.84736754125416,
        "z_inverse_harmonic_mean_rank": 24.65292671566285
      },
      "realistic": {
        "adjusted_arithmetic_mean_rank": 0.3676403797689879,
        "adjusted_arithmetic_mean_rank_index": 0.6383140538753906,
        "adjusted_geometric_mean_rank_index": 0.7256406202522526,
        "adjusted_hits_at_k": 0.23595344881779537,
        "adjusted_inverse_harmonic_mean_rank": 0.06825047282452942,
        "arithmetic_mean_rank": 39.410972595214844,
        "count": 966.0,
        "geometric_mean_rank": 22.499841690063477,
        "harmonic_mean_rank": 10.585856437683105,
        "hits_at_1": 0.014492753623188406,
        "hits_at_10": 0.2722567287784679,
        "hits_at_3": 0.07971014492753623,
        "hits_at_5": 0.13457556935817805,
        "inverse_arithmetic_mean_rank": 0.02537364512681961,
        "inverse_geometric_mean_rank": 0.04444475844502449,
        "inverse_harmonic_mean_rank": 0.09446566551923752,
        "inverse_median_rank": 0.03846153989434242,
        "median_absolute_deviation": 28.169443130493164,
        "median_rank": 26.0,
        "standard_deviation": 38.373043060302734,
        "variance": 1472.490478515625,
        "z_arithmetic_mean_rank": 33.99312269994986,
        "z_geometric_mean_rank": 23.360531773074243,
        "z_hits_at_k": 32.84736754125416,
        "z_inverse_harmonic_mean_rank": 24.6529298221527
      }
    },
    "head": {
      "optimistic": {
        "adjusted_arithmetic_mean_rank": 0.2869383318261124,
        "adjusted_arithmetic_mean_rank_index": 0.7194098076621787,
        "adjusted_geometric_mean_rank_index": 0.7865829712744685,
        "adjusted_hits_at_k": 0.29147191638021797,
        "adjusted_inverse_harmonic_mean_rank": 0.08168931374937961,
        "arithmetic_mean_rank": 32.5175983436853,
        "count": 483.0,
        "geometric_mean_rank": 18.776554939693316,
        "harmonic_mean_rank": 9.419327981776275,
        "hits_at_1": 0.016563146997929608,
        "hits_at_10": 0.32298136645962733,
        "hits_at_3": 0.08074534161490683,
        "hits_at_5": 0.15320910973084886,
        "inverse_arithmetic_mean_rank": 0.030752578632369795,
        "inverse_geometric_mean_rank": 0.05325790610747327,
        "inverse_harmonic_mean_rank": 0.10616468626368208,
        "inverse_median_rank": 0.05,
        "median_absolute_deviation": 22.239033277584028,
        "median_rank": 20.0,
        "standard_deviation": 33.0723092723937,
        "variance": 1093.7776406088583,
        "z_arithmetic_mean_rank": 27.216857013029216,
        "z_geometric_mean_rank": 17.892192476399828,
        "z_hits_at_k": 29.695198061803286,
        "z_inverse_harmonic_mean_rank": 21.536847767161976
      },
      "pessimistic": {
        "adjusted_arithmetic_mean_rank": 0.2869383318261124,
        "adjusted_arithmetic_mean_rank_index": 0.7194098076621787,
        "adjusted_geometric_mean_rank_index": 0.7865829712744685,
        "adjusted_hits_at_k": 0.29147191638021797,
        "adjusted_inverse_harmonic_mean_rank": 0.08168931374937961,
        "arithmetic_mean_rank": 32.5175983436853,
        "count": 483.0,
        "geometric_mean_rank": 18.776554939693316,
        "harmonic_mean_rank": 9.419327981776275,
        "hits_at_1": 0.016563146997929608,
        "hits_at_10": 0.32298136645962733,
        "hits_at_3": 0.08074534161490683,
        "hits_at_5": 0.15320910973084886,
        "inverse_arithmetic_mean_rank": 0.030752578632369795,
        "inverse_geometric_mean_rank": 0.05325790610747327,
        "inverse_harmonic_mean_rank": 0.10616468626368208,
        "inverse_median_rank": 0.05,
        "median_absolute_deviation": 22.239033277584028,
        "median_rank": 20.0,
        "standard_deviation": 33.0723092723937,
        "variance": 1093.7776406088583,
        "z_arithmetic_mean_rank": 27.216857013029216,
        "z_geometric_mean_rank": 17.892192476399828,
        "z_hits_at_k": 29.695198061803286,
        "z_inverse_harmonic_mean_rank": 21.536847767161976
      },
      "realistic": {
        "adjusted_arithmetic_mean_rank": 0.28693832172076944,
        "adjusted_arithmetic_mean_rank_index": 0.7194098178574859,
        "adjusted_geometric_mean_rank_index": 0.7865829583646621,
        "adjusted_hits_at_k": 0.29147191638021797,
        "adjusted_inverse_harmonic_mean_rank": 0.08168931387074921,
        "arithmetic_mean_rank": 32.51759719848633,
        "count": 483.0,
        "geometric_mean_rank": 18.77655601501465,
        "harmonic_mean_rank": 9.419327735900879,
        "hits_at_1": 0.016563146997929608,
        "hits_at_10": 0.32298136645962733,
        "hits_at_3": 0.08074534161490683,
        "hits_at_5": 0.15320910973084886,
        "inverse_arithmetic_mean_rank": 0.030752580612897873,
        "inverse_geometric_mean_rank": 0.05325790122151375,
        "inverse_harmonic_mean_rank": 0.10616468638181686,
        "inverse_median_rank": 0.05000000074505806,
        "median_absolute_deviation": 22.23903465270996,