{
  "losses": [
    0.9891494289040565,
    0.9487749710679054,
    0.9037340804934502,
    0.8685026690363884,
    0.8304058983922005,
    0.7843014821410179,
    0.752378910779953,
    0.6956229731440544,
    0.6605241075158119,
    0.6307410150766373,
    0.6177686750888824,
    0.5781388208270073,
    0.5752505138516426,
    0.5618022717535496,
    0.5675338134169579,
    0.5326796695590019,
    0.5260009355843067,
    0.5241912566125393,
    0.5171037390828133,
    0.5036773905158043
  ],
  "metrics": {
    "both": {
      "optimistic": {
        "adjusted_arithmetic_mean_rank": 0.3753026172820679,
        "adjusted_arithmetic_mean_rank_index": 0.630502539633677,
        "adjusted_geometric_mean_rank_index": 0.7980195924407828,
        "adjusted_hits_at_k": 0.30817665502233166,
        "adjusted_inverse_harmonic_mean_rank": 0.18390630862587026,
        "arithmetic_mean_rank": 40.76190476190476,
        "count": 966.0,
        "geometric_mean_rank": 17.04663683830703,
        "harmonic_mean_rank": 4.8403384456050755,
        "hits_at_1": 0.12629399585921325,
        "hits_at_10": 0.34057971014492755,
        "hits_at_3": 0.21842650103519667,
        "hits_at_5": 0.2743271221532091,
        "inverse_arithmetic_mean_rank": 0.024532710280373834,
        "inverse_geometric_mean_rank": 0.05866259775962435,
        "inverse_harmonic_mean_rank": 0.20659712357675705,
        "inverse_median_rank": 0.04,
        "median_absolute_deviation": 34.099851025628844,
        "median_rank": 25.0,
        "standard_deviation": 42.61204009151775,
        "variance": 1815.785960761116,
        "z_arithmetic_mean_rank": 33.600058133985755,
        "z_geometric_mean_rank": 25.68295735206918,
        "z_hits_at_k": 43.22464847178215,
        "z_inverse_harmonic_mean_rank": 66.89052408945295
      },
      "pessimistic": {
        "adjusted_arithmetic_mean_rank": 0.3753026172820679,
        "adjusted_arithmetic_mean_rank_index": 0.630502539633677,
        "adjusted_geometric_mean_rank_index": 0.7980195924407828,
        "adjusted_hits_at_k": 0.30817665502233166,
        "adjusted_inverse_harmonic_mean_rank": 0.18390630862587026,
        "arithmetic_mean_rank": 40.76190476190476,
        "count": 966.0,
        "geometric_mean_rank": 17.04663683830703,
        "harmonic_mean_rank": 4.8403384456050755,
        "hits_at_1": 0.12629399585921325,
        "hits_at_10": 0.34057971014492755,
        "hits_at_3": 0.21842650103519667,
        "hits_at_5": 0.2743271221532091,
        "inverse_arithmetic_mean_rank": 0.024532710280373834,
        "inverse_geometric_mean_rank": 0.05866259775962435,
        "inverse_harmonic_mean_rank": 0.20659712357675705,
        "inverse_median_rank": 0.04,
        "median_absolute_deviation": 34.099851025628844,
        "median_rank": 25.0,
        "standard_deviation": 42.61204009151775,
        "variance": 1815.785960761116,
        "z_arithmetic_mean_rank": 33.600058133985755,
        "z_geometric_mean_rank": 25.68295735206918,
        "z_hits_at_k": 43.22464847178215,
        "z_inverse_harmonic_mean_rank": 66.89052408945295
      },
      "realistic": {
        "adjusted_arithmetic_mean_rank": 0.37530262564460215,
        "adjusted_arithmetic_mean_rank_index": 0.6305025311934318,
        "adjusted_geometric_mean_rank_index": 0.7980195236503436,
        "adjusted_hits_at_k": 0.30817665502233166,
        "adjusted_inverse_harmonic_mean_rank": 0.1839063198316195,
        "arithmetic_mean_rank": 40.761905670166016,
        "count": 966.0,
        "geometric_mean_rank": 17.046642303466797,
        "harmonic_mean_rank": 4.840338230133057,
        "hits_at_1": 0.12629399585921325,
        "hits_at_10": 0.34057971014492755,
        "hits_at_3": 0.21842650103519667,
        "hits_at_5": 0.2743271221532091,
        "inverse_arithmetic_mean_rank": 0.024532709270715714,
        "inverse_geometric_mean_rank": 0.05866257846355438,
        "inverse_harmonic_mean_rank": 0.20659713447093964,
        "inverse_median_rank": 0.03999999910593033,
        "median_absolute_deviation": 34.099853515625,
        "median_rank": 25.0,
        "standard_deviation": 42.61204147338867,
        "variance": 1815.7861328125,
        "z_arithmetic_mean_rank": 33.60005768419735,
        "z_geometric_mean_rank": 25.682955138161233,
        "z_hits_at_k": 43.22464847178215,
        "z_inverse_harmonic_mean_rank": 66.89052816521547
      }
    },
    "head": {
      "optimistic": {
        "adjusted_arithmetic_mean_rank": 0.29419543112489166,
        "adjusted_arithmetic_mean_rank_index": 0.7120775791478438,
        "adjusted_geometric_mean_rank_index": 0.8675042652239766,
        "adjusted_hits_at_k": 0.42152273579012206,
        "adjusted_inverse_harmonic_mean_rank": 0.25014739910724615,
        "arithmetic_mean_rank": 33.39544513457557,
        "count": 483.0,
        "geometric_mean_rank": 12.054783916843496,
        "harmonic_mean_rank": 3.702267963032224,
        "hits_at_1": 0.17598343685300208,
        "hits_at_10": 0.4472049689440994,
        "hits_at_3": 0.2898550724637681,
        "hits_at_5": 0.3581780538302277,
        "inverse_arithmetic_mean_rank": 0.029944203347799132,
        "inverse_geometric_mean_rank": 0.08295461842354174,
        "inverse_harmonic_mean_rank": 0.27010470608426246,
        "inverse_median_rank": 0.0625,
        "median_absolute_deviation": 22.239033277584028,
        "median_rank": 16.0,
        "standard_deviation": 38.97930304930711,
        "variance": 1519.3860662097227,
        "z_arithmetic_mean_rank": 26.940124983131575,
        "z_geometric_mean_rank": 19.732213366436827,
        "z_hits_at_k": 42.98292788361961,
        "z_inverse_harmonic_mean_rank": 66.00400896144455
      },
      "pessimistic": {
        "adjusted_arithmetic_mean_rank": 0.29419543112489166,
        "adjusted_arithmetic_mean_rank_index": 0.7120775791478438,
        "adjusted_geometric_mean_rank_index": 0.8675042652239766,
        "adjusted_hits_at_k": 0.42152273579012206,
        "adjusted_inverse_harmonic_mean_rank": 0.25014739910724615,
        "arithmetic_mean_rank": 33.39544513457557,
        "count": 483.0,
        "geometric_mean_rank": 12.054783916843496,
        "harmonic_mean_rank": 3.702267963032224,
        "hits_at_1": 0.17598343685300208,
        "hits_at_10": 0.4472049689440994,
        "hits_at_3": 0.2898550724637681,
        "hits_at_5": 0.3581780538302277,
        "inverse_arithmetic_mean_rank": 0.029944203347799132,
        "inverse_geometric_mean_rank": 0.08295461842354174,
        "inverse_harmonic_mean_rank": 0.27010470608426246,
        "inverse_median_rank": 0.0625,
        "median_absolute_deviation": 22.239033277584028,
        "median_rank": 16.0,
        "standard_deviation": 38.97930304930711,
        "variance": 1519.3860662097227,
        "z_arithmetic_mean_rank": 26.940124983131575,
        "z_geometric_mean_rank": 19.732213366436827,
        "z_hits_at_k": 42.98292788361961,
        "z_inverse_harmonic_mean_rank": 66.00400896144455
      },
      "realistic": {
        "adjusted_arithmetic_mean_rank": 0.29419544559677224,
        "adjusted_arithmetic_mean_rank_index": 0.7120775645473408,
        "adjusted_geometric_mean_rank_index": 0.8675042892317162,
        "adjusted_hits_at_k": 0.42152273579012206,
        "adjusted_inverse_harmonic_mean_rank": 0.2501473993159216,
        "arithmetic_mean_rank": 33.39544677734375,
        "count": 483.0,
        "geometric_mean_rank": 12.054781913757324,
        "harmonic_mean_rank": 3.70226788520813,
        "hits_at_1": 0.17598343685300208,
        "hits_at_10": 0.4472049689440994,
        "hits_at_3": 0.2898550724637681,
        "hits_at_5": 0.3581780538302277,
        "inverse_arithmetic_mean_rank": 0.029944201931357384,
        "inverse_geometric_mean_rank": 0.08295463025569916,
        "inverse_harmonic_mean_rank": 0.27010470628738403,
        "inverse_median_rank": 0.0625,
        "median_absolute_deviation": 22.23903465270996,
        "median_rank": 16.0,